Record	Plot	Row	Column	Cp	Csp	Entry	Year	Location	Genotype	STD	V1	V2	V3	W1	W2	W3
521	101	1	1	0	0	521	2019	Preston	NxB-RIL-368-16	2	1	3	1	4	5	4
284	102	1	1	0	0	284	2019	Preston	BxN-RIL-359-4	3	3	3	3	4	6	5
673	103	1	1	0	0	673	2019	Preston	NxB-RIL-374-22	3	3	3	3	5	6	7
40	104	1	1	0	0	40	2019	Preston	BxN-RIL-347-19	2	2	2	1	3	4	1
715	105	1	1	1	0	715	2019	Preston	NorLin	3	2	3	2	3	5	0
108	106	1	1	0	0	108	2019	Preston	BxN-RIL-351-2	2	2	3	2	5	6	5
456	107	1	1	0	0	456	2019	Preston	NxB-RIL-365-18	2	2	4	3	0	3	2
389	108	1	1	0	0	389	2019	Preston	NxB-RIL-362-20	3	3	4	3	4	4	2
465	109	1	1	0	0	465	2019	Preston	NxB-RIL-365-28	1	1	3	1	2	5	5
86	110	1	2	0	0	86	2019	Preston	BxN-RIL-349-23	3	4	4	4	1	4	5
331	111	1	2	0	0	331	2019	Preston	BxN-RIL-360-23	1	1	2	1	0	4	0
415	112	1	2	0	0	415	2019	Preston	NxB-RIL-363-25	2	2	4	4	0	4	5
374	113	1	2	0	0	374	2019	Preston	NxB-RIL-362-3	2	2	4	3	3	4	4
715	114	1	2	1	0	715	2019	Preston	NorLin	3	3	4	3	0	4	1
654	115	1	2	0	0	654	2019	Preston	NxB-RIL-373-29	4	4	5	5	6	8	7
384	116	1	2	0	0	384	2019	Preston	NxB-RIL-362-15	2	3	5	4	1	6	5
68	117	1	2	0	0	68	2019	Preston	BxN-RIL-349-1	2	3	3	3	0	4	1
390	118	1	2	0	0	390	2019	Preston	NxB-RIL-362-21	4	4	5	5	5	7	8
680	119	1	3	0	0	680	2019	Preston	NxB-RIL-374-29	1	1	1	1	0	4	1
327	120	1	3	0	0	327	2019	Preston	BxN-RIL-360-19	2	2	2	1	1	3	1
690	121	1	3	0	0	690	2019	Preston	NxB-RIL-375-8	3	2	2	2	4	4	2
401	122	1	3	0	0	401	2019	Preston	NxB-RIL-363-6	2	2	2	1	0	3	0
715	123	1	3	1	0	715	2019	Preston	NorLin	3	4	4	3	0	4	1
109	124	1	3	0	0	109	2019	Preston	BxN-RIL-351-4	4	3	4	3	2	5	4
166	125	1	3	0	0	166	2019	Preston	BxN-RIL-353-22	2	3	4	3	0	5	2
55	126	1	3	0	0	55	2019	Preston	BxN-RIL-348-11	3	4	4	4	0	5	4
570	127	1	3	0	0	570	2019	Preston	NxB-RIL-370-14	2	2	4	1	0	6	4
163	128	1	4	0	0	163	2019	Preston	BxN-RIL-353-18	2	2	3	2	0	3	5
241	129	1	4	0	0	241	2019	Preston	BxN-RIL-357-12	2	3	3	2	0	4	2
30	130	1	4	0	0	30	2019	Preston	BxN-RIL-347-8	4	3	4	3	5	7	5
687	131	1	4	0	0	687	2019	Preston	NxB-RIL-375-5	2	2	3	1	3	5	4
715	132	1	4	1	0	715	2019	Preston	NorLin	3	3	4	3	0	4	4
484	133	1	4	0	0	484	2019	Preston	NxB-RIL-366-23	2	3	3	3	3	5	4
659	134	1	4	0	0	659	2019	Preston	NxB-RIL-374-4	3	4	4	3	2	4	5
145	135	1	4	0	0	145	2019	Preston	BxN-RIL-352-28	3	3	3	2	0	5	2
339	136	1	4	0	0	339	2019	Preston	BxN-RIL-360-31	3	4	4	3	5	5	4
202	137	1	5	0	0	202	2019	Preston	BxN-RIL-355-14	2	2	3	1	0	5	2
206	138	1	5	0	0	206	2019	Preston	BxN-RIL-355-20	3	4	5	4	1	7	6
376	139	1	5	0	0	376	2019	Preston	NxB-RIL-362-5	3	4	3	4	4	4	5
677	140	1	5	0	0	677	2019	Preston	NxB-RIL-374-26	4	4	5	4	6	4	6
715	141	1	5	1	0	715	2019	Preston	NorLin	4	3	4	3	0	6	2
439	142	1	5	0	0	439	2019	Preston	NxB-RIL-364-25	2	2	5	3	0	7	2
59	143	1	5	0	0	59	2019	Preston	BxN-RIL-348-16	2	2	3	2	1	3	4
535	144	1	5	0	0	535	2019	Preston	NxB-RIL-369-1	1	1	3	1	0	4	0
135	145	1	5	0	0	135	2019	Preston	BxN-RIL-352-16	2	2	3	2	0	4	0
33	146	1	6	0	0	33	2019	Preston	BxN-RIL-347-11	1	2	2	3	0	5	0
702	147	1	6	0	0	702	2019	Preston	NxB-RIL-375-21	3	3	3	2	4	5	0
24	148	1	6	0	0	24	2019	Preston	BxN-RIL-347-2	2	2	3	3	0	5	4
233	149	1	6	0	0	233	2019	Preston	BxN-RIL-357-1	2	3	3	4	0	4	4
715	150	1	6	1	0	715	2019	Preston	NorLin	3	4	3	3	0	5	0
56	151	1	6	0	0	56	2019	Preston	BxN-RIL-348-13	2	3	4	4	5	5	5
155	152	1	6	0	0	155	2019	Preston	BxN-RIL-353-10	3	4	4	5	1	4	7
78	153	1	6	0	0	78	2019	Preston	BxN-RIL-349-13	2	1	4	1	2	5	0
688	154	1	6	0	0	688	2019	Preston	NxB-RIL-375-6	3	3	4	3	4	6	1
94	155	1	7	0	0	94	2019	Preston	BxN-RIL-350-8	3	4	1	5	2	4	7
304	156	1	7	0	0	304	2019	Preston	BxN-RIL-359-25	3	4	3	4	1	5	7
386	157	1	7	0	0	386	2019	Preston	NxB-RIL-362-17	4	4	5	4	3	6	4
199	158	1	7	0	0	199	2019	Preston	BxN-RIL-355-9	4	4	5	5	1	7	8
715	159	1	7	1	0	715	2019	Preston	NorLin	3	4	4	3	0	5	2
123	160	1	7	0	0	123	2019	Preston	BxN-RIL-351-23	2	2	4	3	3	6	6
397	161	1	7	0	0	397	2019	Preston	NxB-RIL-362-33	3	3	4	4	1	6	5
148	162	1	7	0	0	148	2019	Preston	BxN-RIL-353-3	3	3	4	2	2	5	0
107	163	1	7	0	0	107	2019	Preston	BxN-RIL-351-1	2	1	3	3	0	6	2
483	164	1	8	0	0	483	2019	Preston	NxB-RIL-366-22	3	3	4	4	3	7	4
665	165	1	8	0	0	665	2019	Preston	NxB-RIL-374-13	3	3	4	3	0	5	5
472	166	1	8	0	0	472	2019	Preston	NxB-RIL-366-8	3	3	3	1	0	6	1
580	167	1	8	0	0	580	2019	Preston	NxB-RIL-370-26	2	2	4	2	0	5	1
715	168	1	8	1	0	715	2019	Preston	NorLin	3	4	4	4	0	4	1
234	169	1	8	0	0	234	2019	Preston	BxN-RIL-357-2	2	3	3	4	1	5	6
496	170	1	8	0	0	496	2019	Preston	NxB-RIL-367-11	3	3	4	5	3	8	8
322	171	1	8	0	0	322	2019	Preston	BxN-RIL-360-14	3	4	4	4	0	6	3
229	172	1	8	0	0	229	2019	Preston	BxN-RIL-356-20	3	3	4	3	1	6	1
558	173	1	9	0	0	558	2019	Preston	NxB-RIL-369-28	4	4	5	5	4	8	8
649	174	1	9	0	0	649	2019	Preston	NxB-RIL-373-24	3	4	4	5	5	6	7
527	175	1	9	0	0	527	2019	Preston	NxB-RIL-368-22	3	3	3	4	4	6	6
20	176	1	9	0	0	20	2019	Preston	BxN-RIL-346-24	3	4	4	5	4	8	8
715	177	1	9	1	0	715	2019	Preston	NorLin	3	3	3	3	0	7	2
379	178	1	9	0	0	379	2019	Preston	NxB-RIL-362-9	3	3	4	4	4	6	6
7	179	1	9	0	0	7	2019	Preston	BxN-RIL-346-8	3	3	4	3	3	6	5
156	180	1	9	0	0	156	2019	Preston	BxN-RIL-353-11	2	3	4	4	0	5	4
81	181	1	9	0	0	81	2019	Preston	BxN-RIL-349-18	2	3	3	3	0	6	3
463	182	2	1	0	0	463	2019	Preston	NxB-RIL-365-26	3	2	2	1	0	4	0
254	183	2	1	0	0	254	2019	Preston	BxN-RIL-357-27	3	3	3	3	4	6	4
195	184	2	1	0	0	195	2019	Preston	BxN-RIL-355-5	2	3	3	3	0	4	3
552	185	2	1	0	0	552	2019	Preston	NxB-RIL-369-21	2	2	2	1	1	4	0
715	186	2	1	1	0	715	2019	Preston	NorLin	2	3	3	1	1	4	0
111	187	2	1	0	0	111	2019	Preston	BxN-RIL-351-6	1	1	2	1	0	5	0
218	188	2	1	0	0	218	2019	Preston	BxN-RIL-356-7	1	2	3	3	1	6	4
18	189	2	1	0	0	18	2019	Preston	BxN-RIL-346-22	3	4	5	4	0	6	4
679	190	2	1	0	0	679	2019	Preston	NxB-RIL-374-28	1	1	2	1	0	4	2
597	191	2	2	0	0	597	2019	Preston	NxB-RIL-371-19	2	3	2	2	0	4	1
603	192	2	2	0	0	603	2019	Preston	NxB-RIL-372-5	3	2	2	1	0	5	0
35	193	2	2	0	0	35	2019	Preston	BxN-RIL-347-13	2	2	2	2	1	5	0
375	194	2	2	0	0	375	2019	Preston	NxB-RIL-362-4	3	3	4	5	3	7	8
715	195	2	2	1	0	715	2019	Preston	NorLin	3	2	3	2	0	4	0
537	196	2	2	0	0	537	2019	Preston	NxB-RIL-369-4	3	2	3	2	0	5	4
633	197	2	2	0	0	633	2019	Preston	NxB-RIL-373-8	2	2	3	2	4	6	4
79	198	2	2	0	0	79	2019	Preston	BxN-RIL-349-16	1	1	1	4	0	4	0
203	199	2	2	0	0	203	2019	Preston	BxN-RIL-355-15	2	2	2	2	1	4	1
531	200	2	3	0	0	531	2019	Preston	NxB-RIL-368-26	3	3	2	2	0	4	0
41	201	2	3	0	0	41	2019	Preston	BxN-RIL-347-20	1	2	2	1	0	5	0
95	202	2	3	0	0	95	2019	Preston	BxN-RIL-350-10	1	1	1	1	0	3	0
475	203	2	3	0	0	475	2019	Preston	NxB-RIL-366-11	2	2	3	2	1	6	1
715	204	2	3	1	0	715	2019	Preston	NorLin	3	3	4	3	0	6	1
356	205	2	3	0	0	356	2019	Preston	NxB-RIL-361-17	2	2	3	2	0	6	3
287	206	2	3	0	0	287	2019	Preston	BxN-RIL-359-7	2	3	3	2	1	5	0
314	207	2	3	0	0	314	2019	Preston	BxN-RIL-360-4	3	3	4	4	5	6	7
350	208	2	3	0	0	350	2019	Preston	NxB-RIL-361-11	3	2	4	4	5	7	6
699	209	2	4	0	0	699	2019	Preston	NxB-RIL-375-18	2	1	2	2	1	6	1
402	210	2	4	0	0	402	2019	Preston	NxB-RIL-363-7	3	3	4	4	4	5	6
237	211	2	4	0	0	237	2019	Preston	BxN-RIL-357-7	3	3	3	2	1	5	4
648	212	2	4	0	0	648	2019	Preston	NxB-RIL-373-23	2	3	4	4	1	6	5
715	213	2	4	1	0	715	2019	Preston	NorLin	4	4	4	3	1	5	2
587	214	2	4	0	0	587	2019	Preston	NxB-RIL-371-8	4	3	4	4	2	6	4
565	215	2	4	0	0	565	2019	Preston	NxB-RIL-370-8	3	3	3	3	1	5	4
158	216	2	4	0	0	158	2019	Preston	BxN-RIL-353-13	2	3	3	3	1	6	1
47	217	2	4	0	0	47	2019	Preston	BxN-RIL-348-3	2	3	3	4	5	5	7
131	218	2	5	0	0	131	2019	Preston	BxN-RIL-352-12	4	4	4	3	0	4	1
216	219	2	5	0	0	216	2019	Preston	BxN-RIL-356-5	4	5	5	4	0	6	1
64	220	2	5	0	0	64	2019	Preston	BxN-RIL-348-21	4	3	3	3	2	6	5
591	221	2	5	0	0	591	2019	Preston	NxB-RIL-371-12	4	4	5	4	1	5	5
715	222	2	5	1	0	715	2019	Preston	NorLin	3	3	3	2	0	5	3
553	223	2	5	0	0	553	2019	Preston	NxB-RIL-369-22	1	2	2	3	0	4	4
69	224	2	5	0	0	69	2019	Preston	BxN-RIL-349-2	2	2	2	2	0	5	1
429	225	2	5	0	0	429	2019	Preston	NxB-RIL-364-14	5	5	5	5	4	8	8
364	226	2	5	0	0	364	2019	Preston	NxB-RIL-361-25	3	2	3	4	4	6	8
207	227	2	6	0	0	207	2019	Preston	BxN-RIL-355-21	3	2	3	2	4	6	4
468	228	2	6	0	0	468	2019	Preston	NxB-RIL-366-3	2	3	4	2	0	5	1
77	229	2	6	0	0	77	2019	Preston	BxN-RIL-349-12	2	2	4	3	0	6	3
262	230	2	6	0	0	262	2019	Preston	BxN-RIL-358-9	2	2	4	3	0	5	4
715	231	2	6	1	0	715	2019	Preston	NorLin	3	3	3	2	0	4	1
545	232	2	6	0	0	545	2019	Preston	NxB-RIL-369-12	2	1	1	1	0	4	0
143	233	2	6	0	0	143	2019	Preston	BxN-RIL-352-26	1	3	4	3	1	6	4
45	234	2	6	0	0	45	2019	Preston	BxN-RIL-347-24	2	2	3	2	1	5	3
240	235	2	6	0	0	240	2019	Preston	BxN-RIL-357-11	2	3	4	3	3	7	1
270	236	2	7	0	0	270	2019	Preston	BxN-RIL-358-20	1	2	4	3	2	7	2
309	237	2	7	0	0	309	2019	Preston	BxN-RIL-359-30	3	3	4	3	4	6	3
154	238	2	7	0	0	154	2019	Preston	BxN-RIL-353-9	2	2	2	2	4	5	6
171	239	2	7	0	0	171	2019	Preston	BxN-RIL-354-4	3	4	3	4	1	5	2
715	240	2	7	1	0	715	2019	Preston	NorLin	2	3	3	2	0	4	2
232	241	2	7	0	0	232	2019	Preston	BxN-RIL-356-23	2	1	2	3	4	4	4
678	242	2	7	0	0	678	2019	Preston	NxB-RIL-374-27	2	1	2	2	4	5	4
349	243	2	7	0	0	349	2019	Preston	NxB-RIL-361-10	2	3	3	2	0	5	4
191	244	2	7	0	0	191	2019	Preston	BxN-RIL-355-1	3	3	3	3	1	5	2
213	245	2	8	0	0	213	2019	Preston	BxN-RIL-356-2	2	3	4	4	1	6	2
338	246	2	8	0	0	338	2019	Preston	BxN-RIL-360-30	2	3	4	3	0	7	0
113	247	2	8	0	0	113	2019	Preston	BxN-RIL-351-9	2	2	3	2	1	6	4
519	248	2	8	0	0	519	2019	Preston	NxB-RIL-368-13	2	1	2	2	0	4	4
715	249	2	8	1	0	715	2019	Preston	NorLin	2	3	2	2	4	4	1
432	250	2	8	0	0	432	2019	Preston	NxB-RIL-364-17	2	2	1	1	0	6	3
320	251	2	8	0	0	320	2019	Preston	BxN-RIL-360-12	1	2	3	1	0	6	1
176	252	2	8	0	0	176	2019	Preston	BxN-RIL-354-10	2	3	3	3	0	5	4
540	253	2	8	0	0	540	2019	Preston	NxB-RIL-369-7	2	3	3	1	0	7	3
532	254	2	9	0	0	532	2019	Preston	NxB-RIL-368-27	2	3	3	4	1	6	5
157	255	2	9	0	0	157	2019	Preston	BxN-RIL-353-12	1	2	2	2	0	6	4
392	256	2	9	0	0	392	2019	Preston	NxB-RIL-362-26	1	2	1	1	0	3	0
469	257	2	9	0	0	469	2019	Preston	NxB-RIL-366-5	1	2	4	5	2	6	8
715	258	2	9	1	0	715	2019	Preston	NorLin	2	2	3	3	0	4	4
652	259	2	9	0	0	652	2019	Preston	NxB-RIL-373-27	2	2	3	2	1	8	2
398	260	2	9	0	0	398	2019	Preston	NxB-RIL-363-1	2	2	4	4	3	7	6
576	261	2	9	0	0	576	2019	Preston	NxB-RIL-370-21	2	2	3	3	3	7	3
363	262	2	9	0	0	363	2019	Preston	NxB-RIL-361-24	2	2	2	1	1	5	1
21	263	3	1	0	0	21	2019	Preston	BxN-RIL-346-25	2	3	4	4	4	6	7
538	264	3	1	0	0	538	2019	Preston	NxB-RIL-369-5	3	2	2	1	4	4	0
660	265	3	1	0	0	660	2019	Preston	NxB-RIL-374-5	1	1	1	1	0	3	0
562	266	3	1	0	0	562	2019	Preston	NxB-RIL-370-4	2	2	2	1	4	4	0
715	267	3	1	1	0	715	2019	Preston	NorLin	1	2	2	2	2	4	0
459	268	3	1	0	0	459	2019	Preston	NxB-RIL-365-22	2	1	2	2	4	6	1
653	269	3	1	0	0	653	2019	Preston	NxB-RIL-373-28	2	2	5	5	5	8	8
269	270	3	1	0	0	269	2019	Preston	BxN-RIL-358-19	1	3	3	3	2	7	4
685	271	3	1	0	0	685	2019	Preston	NxB-RIL-375-3	1	2	2	4	4	6	8
250	272	3	2	0	0	250	2019	Preston	BxN-RIL-357-23	1	1	1	1	0	2	0
23	273	3	2	0	0	23	2019	Preston	BxN-RIL-346-28	2	3	4	4	5	6	8
292	274	3	2	0	0	292	2019	Preston	BxN-RIL-359-12	1	1	1	1	0	2	0
245	275	3	2	0	0	245	2019	Preston	BxN-RIL-357-18	3	4	5	5	5	8	8
715	276	3	2	1	0	715	2019	Preston	NorLin	3	3	3	2	2	4	2
582	277	3	2	0	0	582	2019	Preston	NxB-RIL-371-1	3	3	3	2	4	6	6
712	278	3	2	0	0	712	2019	Preston	Novelty3	4	5	5	3	5	8	7
98	279	3	2	0	0	98	2019	Preston	BxN-RIL-350-13	3	4	4	5	5	7	8
6	280	3	2	0	0	6	2019	Preston	BxN-RIL-346-7	3	1	3	2	0	6	3
351	281	3	3	0	0	351	2019	Preston	NxB-RIL-361-12	2	1	2	2	0	5	2
396	282	3	3	0	0	396	2019	Preston	NxB-RIL-362-32	3	3	4	5	5	7	8
520	283	3	3	0	0	520	2019	Preston	NxB-RIL-368-15	1	1	3	2	4	6	4
358	284	3	3	0	0	358	2019	Preston	NxB-RIL-361-19	1	3	4	4	5	7	7
715	285	3	3	1	0	715	2019	Preston	NorLin	3	3	4	3	0	7	3
119	286	3	3	0	0	119	2019	Preston	BxN-RIL-351-18	2	2	4	3	5	8	4
620	287	3	3	0	0	620	2019	Preston	NxB-RIL-372-26	2	2	3	2	0	5	2
246	288	3	3	0	0	246	2019	Preston	BxN-RIL-357-19	2	2	2	1	0	6	1
170	289	3	3	0	0	170	2019	Preston	BxN-RIL-354-2	2	1	2	1	0	5	2
406	290	3	4	0	0	406	2019	Preston	NxB-RIL-363-13	4	3	3	5	5	7	8
658	291	3	4	0	0	658	2019	Preston	NxB-RIL-374-3	1	1	1	1	0	6	4
480	292	3	4	0	0	480	2019	Preston	NxB-RIL-366-17	3	4	4	3	2	7	6
511	293	3	4	0	0	511	2019	Preston	NxB-RIL-368-1	3	2	3	1	0	7	1
715	294	3	4	1	0	715	2019	Preston	NorLin	3	3	4	2	1	6	4
342	295	3	4	0	0	342	2019	Preston	NxB-RIL-361-2	1	1	1	1	0	6	0
417	296	3	4	0	0	417	2019	Preston	NxB-RIL-364-1	2	2	3	3	4	6	6
114	297	3	4	0	0	114	2019	Preston	BxN-RIL-351-11	2	3	3	3	1	6	5
149	298	3	4	0	0	149	2019	Preston	BxN-RIL-353-4	2	2	2	2	0	6	0
692	299	3	5	0	0	692	2019	Preston	NxB-RIL-375-10	2	2	2	1	0	5	0
529	300	3	5	0	0	529	2019	Preston	NxB-RIL-368-24	1	1	2	1	0	5	0
454	301	3	5	0	0	454	2019	Preston	NxB-RIL-365-16	3	2	4	3	5	7	5
713	302	3	5	0	0	713	2019	Preston	Novelty4	5	5	5	5	5	8	8
715	303	3	5	1	0	715	2019	Preston	NorLin	4	3	3	2	0	5	1
533	304	3	5	0	0	533	2019	Preston	NxB-RIL-368-28	1	1	2	1	0	6	1
524	305	3	5	0	0	524	2019	Preston	NxB-RIL-368-19	2	2	2	2	0	5	0
657	306	3	5	0	0	657	2019	Preston	NxB-RIL-374-2	1	1	2	2	0	5	0
302	307	3	5	0	0	302	2019	Preston	BxN-RIL-359-23	2	2	1	1	0	6	0
39	308	3	6	0	0	39	2019	Preston	BxN-RIL-347-18	3	4	4	3	2	7	2
573	309	3	6	0	0	573	2019	Preston	NxB-RIL-370-18	3	3	4	5	5	7	7
27	310	3	6	0	0	27	2019	Preston	BxN-RIL-347-5	3	3	4	4	3	7	5
13	311	3	6	0	0	13	2019	Preston	BxN-RIL-346-17	2	2	2	1	0	6	2
715	312	3	6	1	0	715	2019	Preston	NorLin	2	2	2	2	0	5	2
640	313	3	6	0	0	640	2019	Preston	NxB-RIL-373-15	2	2	2	1	0	5	1
450	314	3	6	0	0	450	2019	Preston	NxB-RIL-365-11	2	2	2	1	0	4	0
683	315	3	6	0	0	683	2019	Preston	NxB-RIL-375-1	1	2	2	1	0	4	0
636	316	3	6	0	0	636	2019	Preston	NxB-RIL-373-11	4	4	5	5	2	6	7
110	317	3	7	0	0	110	2019	Preston	BxN-RIL-351-5	3	4	5	4	4	6	6
476	318	3	7	0	0	476	2019	Preston	NxB-RIL-366-12	3	3	4	3	0	5	6
328	319	3	7	0	0	328	2019	Preston	BxN-RIL-360-20	3	3	4	3	0	5	5
579	320	3	7	0	0	579	2019	Preston	NxB-RIL-370-25	3	3	4	3	0	5	5
715	321	3	7	1	0	715	2019	Preston	NorLin	3	3	3	3	0	5	4
644	322	3	7	0	0	644	2019	Preston	NxB-RIL-373-19	2	2	2	3	5	5	4
362	323	3	7	0	0	362	2019	Preston	NxB-RIL-361-23	2	2	2	2	0	5	1
89	324	3	7	0	0	89	2019	Preston	BxN-RIL-350-2	3	3	4	3	4	5	4
315	325	3	7	0	0	315	2019	Preston	BxN-RIL-360-5	3	3	4	3	0	6	4
63	326	3	8	0	0	63	2019	Preston	BxN-RIL-348-20	2	3	3	3	0	6	5
330	327	3	8	0	0	330	2019	Preston	BxN-RIL-360-22	4	3	3	4	0	6	4
96	328	3	8	0	0	96	2019	Preston	BxN-RIL-350-11	3	3	3	3	5	5	4
637	329	3	8	0	0	637	2019	Preston	NxB-RIL-373-12	2	3	4	4	0	5	5
715	330	3	8	1	0	715	2019	Preston	NorLin	2	2	2	2	2	4	2
672	331	3	8	0	0	672	2019	Preston	NxB-RIL-374-21	1	2	2	3	0	5	4
709	332	3	8	0	0	709	2019	Preston	Bison5	4	3	3	4	0	5	6
121	333	3	8	0	0	121	2019	Preston	BxN-RIL-351-21	3	4	5	5	4	6	6
675	334	3	8	0	0	675	2019	Preston	NxB-RIL-374-24	3	3	3	4	0	6	5
310	335	3	9	0	0	310	2019	Preston	BxN-RIL-359-31	3	4	4	5	6	8	8
104	336	3	9	0	0	104	2019	Preston	BxN-RIL-350-20	1	1	1	1	0	5	2
614	337	3	9	0	0	614	2019	Preston	NxB-RIL-372-19	2	2	3	3	2	6	5
455	338	3	9	0	0	455	2019	Preston	NxB-RIL-365-17	3	1	1	2	0	6	5
715	339	3	9	1	0	715	2019	Preston	NorLin	3	2	2	3	0	5	6
219	340	3	9	0	0	219	2019	Preston	BxN-RIL-356-9	1	1	1	1	0	6	2
301	341	3	9	0	0	301	2019	Preston	BxN-RIL-359-22	1	2	4	4	0	7	6
549	342	3	9	0	0	549	2019	Preston	NxB-RIL-369-16	2	2	3	2	0	6	3
249	343	3	9	0	0	249	2019	Preston	BxN-RIL-357-22	2	1	2	2	0	7	3
581	344	4	1	0	0	581	2019	Preston	NxB-RIL-370-28	3	3	3	5	3	5	8
65	345	4	1	0	0	65	2019	Preston	BxN-RIL-348-23	2	2	2	4	2	4	7
643	346	4	1	0	0	643	2019	Preston	NxB-RIL-373-18	2	2	1	2	1	3	2
411	347	4	1	0	0	411	2019	Preston	NxB-RIL-363-19	2	3	1	2	1	3	3
715	348	4	1	1	0	715	2019	Preston	NorLin	3	3	2	2	1	3	1
671	349	4	1	0	0	671	2019	Preston	NxB-RIL-374-19	3	3	3	4	1	5	7
1	350	4	1	0	0	1	2019	Preston	BxN-RIL-346-1	2	2	3	2	0	4	3
3	351	4	1	0	0	3	2019	Preston	BxN-RIL-346-3	2	2	3	4	1	5	6
625	352	4	1	0	0	625	2019	Preston	NxB-RIL-372-31	1	2	1	1	1	2	0
593	353	4	2	0	0	593	2019	Preston	NxB-RIL-371-14	3	2	2	3	1	3	3
656	354	4	2	0	0	656	2019	Preston	NxB-RIL-373-31	2	2	2	3	2	4	6
714	355	4	2	0	0	714	2019	Preston	Novelty5	4	4	4	4	4	6	7
326	356	4	2	0	0	326	2019	Preston	BxN-RIL-360-18	4	4	3	4	2	4	6
715	357	4	2	1	0	715	2019	Preston	NorLin	4	4	3	3	1	4	4
595	358	4	2	0	0	595	2019	Preston	NxB-RIL-371-17	4	3	3	3	1	3	3
525	359	4	2	0	0	525	2019	Preston	NxB-RIL-368-20	3	4	4	5	3	5	8
217	360	4	2	0	0	217	2019	Preston	BxN-RIL-356-6	3	3	3	5	2	4	8
248	361	4	2	0	0	248	2019	Preston	BxN-RIL-357-21	3	3	3	5	3	4	8
700	362	4	3	0	0	700	2019	Preston	NxB-RIL-375-19	3	2	1	1	2	2	0
647	363	4	3	0	0	647	2019	Preston	NxB-RIL-373-22	2	2	1	1	1	2	0
539	364	4	3	0	0	539	2019	Preston	NxB-RIL-369-6	3	4	3	5	3	5	8
297	365	4	3	0	0	297	2019	Preston	BxN-RIL-359-17	3	4	4	5	3	6	8
715	366	4	3	1	0	715	2019	Preston	NorLin	3	3	3	4	1	4	4
180	367	4	3	0	0	180	2019	Preston	BxN-RIL-354-15	2	2	2	2	1	3	1
572	368	4	3	0	0	572	2019	Preston	NxB-RIL-370-17	3	2	1	1	1	3	0
279	369	4	3	0	0	279	2019	Preston	BxN-RIL-358-29	4	4	3	5	3	5	8
178	370	4	3	0	0	178	2019	Preston	BxN-RIL-354-13	4	4	4	5	4	6	9
422	371	4	4	0	0	422	2019	Preston	NxB-RIL-364-6	2	2	2	1	1	3	0
190	372	4	4	0	0	190	2019	Preston	BxN-RIL-354-29	2	3	3	3	1	4	5
512	373	4	4	0	0	512	2019	Preston	NxB-RIL-368-3	2	3	3	4	1	4	6
662	374	4	4	0	0	662	2019	Preston	NxB-RIL-374-9	3	3	3	4	2	4	6
715	375	4	4	1	0	715	2019	Preston	NorLin	3	3	3	3	1	4	4
52	376	4	4	0	0	52	2019	Preston	BxN-RIL-348-8	3	3	2	4	2	4	7
242	377	4	4	0	0	242	2019	Preston	BxN-RIL-357-13	2	2	1	1	1	2	0
221	378	4	4	0	0	221	2019	Preston	BxN-RIL-356-12	3	3	2	3	1	3	3
247	379	4	4	0	0	247	2019	Preston	BxN-RIL-357-20	2	4	3	3	3	5	6
333	380	4	5	0	0	333	2019	Preston	BxN-RIL-360-25	2	2	2	1	1	4	2
175	381	4	5	0	0	175	2019	Preston	BxN-RIL-354-9	2	2	3	2	1	4	1
186	382	4	5	0	0	186	2019	Preston	BxN-RIL-354-23	3	2	3	3	1	4	3
544	383	4	5	0	0	544	2019	Preston	NxB-RIL-369-11	4	4	4	5	2	6	7
715	384	4	5	1	0	715	2019	Preston	NorLin	3	2	2	2	1	2	0
49	385	4	5	0	0	49	2019	Preston	BxN-RIL-348-5	2	2	1	1	1	2	0
571	386	4	5	0	0	571	2019	Preston	NxB-RIL-370-15	2	3	2	2	1	3	3
435	387	4	5	0	0	435	2019	Preston	NxB-RIL-364-20	3	2	2	3	2	4	3
276	388	4	5	0	0	276	2019	Preston	BxN-RIL-358-26	3	3	3	5	3	5	8
486	389	4	6	0	0	486	2019	Preston	NxB-RIL-366-25	2	3	2	2	1	4	2
37	390	4	6	0	0	37	2019	Preston	BxN-RIL-347-16	2	2	2	2	1	3	1
381	391	4	6	0	0	381	2019	Preston	NxB-RIL-362-11	2	1	3	2	0	4	3
313	392	4	6	0	0	313	2019	Preston	BxN-RIL-360-3	2	2	3	2	2	5	4
715	393	4	6	1	0	715	2019	Preston	NorLin	3	2	2	2	1	4	4
26	394	4	6	0	0	26	2019	Preston	BxN-RIL-347-4	3	4	3	5	4	5	8
682	395	4	6	0	0	682	2019	Preston	NxB-RIL-374-31	1	2	1	1	0	2	0
134	396	4	6	0	0	134	2019	Preston	BxN-RIL-352-15	3	3	3	4	1	3	6
200	397	4	6	0	0	200	2019	Preston	BxN-RIL-355-12	2	3	4	5	2	5	6
434	398	4	7	0	0	434	2019	Preston	NxB-RIL-364-19	3	4	3	4	3	4	5
377	399	4	7	0	0	377	2019	Preston	NxB-RIL-362-6	3	4	3	3	4	4	6
626	400	4	7	0	0	626	2019	Preston	NxB-RIL-373-1	2	2	2	3	0	3	4
467	401	4	7	0	0	467	2019	Preston	NxB-RIL-366-2	1	2	2	3	1	3	3
715	402	4	7	1	0	715	2019	Preston	NorLin	2	2	2	3	1	3	5
452	403	4	7	0	0	452	2019	Preston	NxB-RIL-365-13	3	2	2	4	2	3	6
661	404	4	7	0	0	661	2019	Preston	NxB-RIL-374-6	3	3	3	5	2	4	7
57	405	4	7	0	0	57	2019	Preston	BxN-RIL-348-14	1	2	2	3	0	1	4
308	406	4	7	0	0	308	2019	Preston	BxN-RIL-359-29	3	3	2	4	1	5	7
550	407	4	8	0	0	550	2019	Preston	NxB-RIL-369-19	1	3	3	4	1	4	7
73	408	4	8	0	0	73	2019	Preston	BxN-RIL-349-8	1	1	1	1	1	1	2
694	409	4	8	0	0	694	2019	Preston	NxB-RIL-375-12	3	3	1	3	2	5	4
551	410	4	8	0	0	551	2019	Preston	NxB-RIL-369-20	1	1	1	1	1	4	2
715	411	4	8	1	0	715	2019	Preston	NorLin	2	2	2	2	1	1	1
300	412	4	8	0	0	300	2019	Preston	BxN-RIL-359-21	2	3	2	3	2	4	3
164	413	4	8	0	0	164	2019	Preston	BxN-RIL-353-19	1	3	3	4	1	2	5
421	414	4	8	0	0	421	2019	Preston	NxB-RIL-364-5	1	3	3	4	2	5	6
256	415	4	8	0	0	256	2019	Preston	BxN-RIL-357-31	3	3	3	4	1	4	6
416	416	4	9	0	0	416	2019	Preston	NxB-RIL-363-26	1	3	3	4	2	5	6
179	417	4	9	0	0	179	2019	Preston	BxN-RIL-354-14	2	2	1	2	1	3	4
74	418	4	9	0	0	74	2019	Preston	BxN-RIL-349-9	2	3	1	3	3	4	5
424	419	4	9	0	0	424	2019	Preston	NxB-RIL-364-8	3	3	4	5	2	5	7
715	420	4	9	1	0	715	2019	Preston	NorLin	2	2	1	3	1	4	3
555	421	4	9	0	0	555	2019	Preston	NxB-RIL-369-25	3	2	1	2	1	4	3
101	422	4	9	0	0	101	2019	Preston	BxN-RIL-350-16	1	3	3	5	2	4	6
568	423	4	9	0	0	568	2019	Preston	NxB-RIL-370-11	1	3	2	4	2	4	6
22	424	4	9	0	0	22	2019	Preston	BxN-RIL-346-27	1	3	2	3	1	3	6
618	425	5	1	0	0	618	2019	Preston	NxB-RIL-372-23	3	3	3	5	3	8	9
686	426	5	1	0	0	686	2019	Preston	NxB-RIL-375-4	2	2	1	1	2	4	0
370	427	5	1	0	0	370	2019	Preston	NxB-RIL-361-32	3	2	2	5	2	6	8
399	428	5	1	0	0	399	2019	Preston	NxB-RIL-363-2	3	3	3	5	2	8	9
715	429	5	1	1	0	715	2019	Preston	NorLin	3	2	1	2	1	1	0
689	430	5	1	0	0	689	2019	Preston	NxB-RIL-375-7	3	2	2	3	3	4	6
664	431	5	1	0	0	664	2019	Preston	NxB-RIL-374-12	3	3	2	3	2	4	6
244	432	5	1	0	0	244	2019	Preston	BxN-RIL-357-16	3	2	2	1	1	3	0
348	433	5	1	0	0	348	2019	Preston	NxB-RIL-361-9	3	1	2	4	2	6	7
177	434	5	2	0	0	177	2019	Preston	BxN-RIL-354-11	2	3	3	4	1	3	4
407	435	5	2	0	0	407	2019	Preston	NxB-RIL-363-14	1	2	1	1	1	4	0
298	436	5	2	0	0	298	2019	Preston	BxN-RIL-359-18	1	1	1	1	1	5	2
132	437	5	2	0	0	132	2019	Preston	BxN-RIL-352-13	1	2	1	2	1	4	1
715	438	5	2	1	0	715	2019	Preston	NorLin	3	3	4	3	1	2	2
612	439	5	2	0	0	612	2019	Preston	NxB-RIL-372-15	3	3	3	3	1	2	3
214	440	5	2	0	0	214	2019	Preston	BxN-RIL-356-3	2	3	3	3	2	5	7
120	441	5	2	0	0	120	2019	Preston	BxN-RIL-351-19	2	3	3	4	2	6	7
425	442	5	2	0	0	425	2019	Preston	NxB-RIL-364-9	4	3	3	4	1	6	8
271	443	5	3	0	0	271	2019	Preston	BxN-RIL-358-21	3	3	3	5	3	8	8
334	444	5	3	0	0	334	2019	Preston	BxN-RIL-360-26	3	4	3	5	3	8	9
354	445	5	3	0	0	354	2019	Preston	NxB-RIL-361-15	2	3	2	3	2	3	3
651	446	5	3	0	0	651	2019	Preston	NxB-RIL-373-26	2	3	3	2	1	2	3
715	447	5	3	1	0	715	2019	Preston	NorLin	2	3	3	3	1	2	4
623	448	5	3	0	0	623	2019	Preston	NxB-RIL-372-29	3	2	3	4	3	6	6
285	449	5	3	0	0	285	2019	Preston	BxN-RIL-359-5	3	3	3	3	2	5	6
507	450	5	3	0	0	507	2019	Preston	NxB-RIL-367-22	2	2	2	1	2	2	1
139	451	5	3	0	0	139	2019	Preston	BxN-RIL-352-20	3	3	3	5	3	7	9
427	452	5	4	0	0	427	2019	Preston	NxB-RIL-364-11	3	3	3	5	2	7	8
534	453	5	4	0	0	534	2019	Preston	NxB-RIL-368-29	2	3	2	3	1	4	2
2	454	5	4	0	0	2	2019	Preston	BxN-RIL-346-2	2	2	2	3	1	4	3
264	455	5	4	0	0	264	2019	Preston	BxN-RIL-358-11	2	2	2	3	2	5	2
715	456	5	4	1	0	715	2019	Preston	NorLin	2	3	2	2	1	4	2
605	457	5	4	0	0	605	2019	Preston	NxB-RIL-372-7	2	2	1	1	1	4	1
62	458	5	4	0	0	62	2019	Preston	BxN-RIL-348-19	1	2	1	1	1	5	4
650	459	5	4	0	0	650	2019	Preston	NxB-RIL-373-25	1	2	2	1	1	4	2
311	460	5	4	0	0	311	2019	Preston	BxN-RIL-360-1	1	1	2	2	1	4	0
638	461	5	5	0	0	638	2019	Preston	NxB-RIL-373-13	2	3	3	3	2	4	5
324	462	5	5	0	0	324	2019	Preston	BxN-RIL-360-16	3	3	4	4	2	6	6
641	463	5	5	0	0	641	2019	Preston	NxB-RIL-373-16	3	4	3	4	3	7	7
243	464	5	5	0	0	243	2019	Preston	BxN-RIL-357-15	1	3	1	1	2	4	0
715	465	5	5	1	0	715	2019	Preston	NorLin	2	2	1	1	1	4	2
609	466	5	5	0	0	609	2019	Preston	NxB-RIL-372-12	1	2	1	1	1	2	2
31	467	5	5	0	0	31	2019	Preston	BxN-RIL-347-9	3	3	3	2	1	5	4
128	468	5	5	0	0	128	2019	Preston	BxN-RIL-352-6	1	2	2	1	1	3	4
152	469	5	5	0	0	152	2019	Preston	BxN-RIL-353-7	1	1	1	1	1	1	1
336	470	5	6	0	0	336	2019	Preston	BxN-RIL-360-28	2	3	3	3	2	4	2
185	471	5	6	0	0	185	2019	Preston	BxN-RIL-354-21	1	1	2	1	1	4	4
388	472	5	6	0	0	388	2019	Preston	NxB-RIL-362-19	1	2	2	3	1	5	7
604	473	5	6	0	0	604	2019	Preston	NxB-RIL-372-6	2	2	2	2	2	4	2
715	474	5	6	1	0	715	2019	Preston	NorLin	3	3	1	2	2	5	2
412	475	5	6	0	0	412	2019	Preston	NxB-RIL-363-20	2	3	2	2	3	5	5
321	476	5	6	0	0	321	2019	Preston	BxN-RIL-360-13	3	4	2	3	3	4	2
500	477	5	6	0	0	500	2019	Preston	NxB-RIL-367-15	3	4	3	3	3	4	5
666	478	5	6	0	0	666	2019	Preston	NxB-RIL-374-14	3	3	2	1	2	4	2
238	479	5	7	0	0	238	2019	Preston	BxN-RIL-357-8	2	3	3	1	1	4	2
574	480	5	7	0	0	574	2019	Preston	NxB-RIL-370-19	2	3	2	1	1	4	4
340	481	5	7	0	0	340	2019	Preston	BxN-RIL-360-32	3	4	3	4	2	6	6
258	482	5	7	0	0	258	2019	Preston	BxN-RIL-358-1	2	2	2	1	2	5	3
715	483	5	7	1	0	715	2019	Preston	NorLin	2	3	2	1	2	5	2
223	484	5	7	0	0	223	2019	Preston	BxN-RIL-356-14	2	2	2	3	1	6	4
438	485	5	7	0	0	438	2019	Preston	NxB-RIL-364-24	2	4	3	3	3	7	4
189	486	5	7	0	0	189	2019	Preston	BxN-RIL-354-28	2	3	3	3	2	4	3
478	487	5	7	0	0	478	2019	Preston	NxB-RIL-366-15	2	3	3	3	1	4	3
599	488	5	8	0	0	599	2019	Preston	NxB-RIL-371-21	3	3	3	3	2	6	5
708	489	5	8	0	0	708	2019	Preston	Bison4	2	3	2	1	2	3	1
215	490	5	8	0	0	215	2019	Preston	BxN-RIL-356-4	3	4	2	3	3	7	5
387	491	5	8	0	0	387	2019	Preston	NxB-RIL-362-18	3	4	2	2	2	4	2
715	492	5	8	1	0	715	2019	Preston	NorLin	3	2	2	2	1	4	3
423	493	5	8	0	0	423	2019	Preston	NxB-RIL-364-7	1	1	1	1	1	1	2
260	494	5	8	0	0	260	2019	Preston	BxN-RIL-358-4	2	3	4	3	1	2	4
508	495	5	8	0	0	508	2019	Preston	NxB-RIL-367-23	2	2	3	1	2	3	2
291	496	5	8	0	0	291	2019	Preston	BxN-RIL-359-11	3	4	4	2	3	7	5
236	497	5	9	0	0	236	2019	Preston	BxN-RIL-357-5	1	2	1	1	2	5	5
564	498	5	9	0	0	564	2019	Preston	NxB-RIL-370-7	2	2	1	1	1	5	3
160	499	5	9	0	0	160	2019	Preston	BxN-RIL-353-15	2	3	2	3	2	4	2
701	500	5	9	0	0	701	2019	Preston	NxB-RIL-375-20	2	1	1	1	1	5	4
715	501	5	9	1	0	715	2019	Preston	NorLin	2	2	2	2	1	2	2
184	502	5	9	0	0	184	2019	Preston	BxN-RIL-354-20	2	3	3	3	2	2	3
85	503	5	9	0	0	85	2019	Preston	BxN-RIL-349-22	3	2	2	1	1	3	2
168	504	5	9	0	0	168	2019	Preston	BxN-RIL-353-25	2	3	2	1	2	4	4
352	505	5	9	0	0	352	2019	Preston	NxB-RIL-361-13	2	2	2	2	1	2	3
442	506	6	1	0	0	442	2019	Preston	NxB-RIL-365-2	1	1	1	2	1	7	1
575	507	6	1	0	0	575	2019	Preston	NxB-RIL-370-20	2	2	2	4	3	7	7
224	508	6	1	0	0	224	2019	Preston	BxN-RIL-356-15	2	3	2	4	3	8	6
391	509	6	1	0	0	391	2019	Preston	NxB-RIL-362-22	2	2	2	1	1	4	1
715	510	6	1	1	0	715	2019	Preston	NorLin	3	2	1	1	1	2	2
419	511	6	1	0	0	419	2019	Preston	NxB-RIL-364-3	3	2	3	2	2	4	2
319	512	6	1	0	0	319	2019	Preston	BxN-RIL-360-11	3	2	3	2	1	5	3
380	513	6	1	0	0	380	2019	Preston	NxB-RIL-362-10	2	2	2	2	1	5	5
19	514	6	1	0	0	19	2019	Preston	BxN-RIL-346-23	1	2	3	2	1	7	5
461	515	6	2	0	0	461	2019	Preston	NxB-RIL-365-24	1	2	1	1	1	3	1
137	516	6	2	0	0	137	2019	Preston	BxN-RIL-352-18	2	2	2	1	2	4	4
147	517	6	2	0	0	147	2019	Preston	BxN-RIL-353-2	1	1	1	1	1	2	4
289	518	6	2	0	0	289	2019	Preston	BxN-RIL-359-9	2	3	2	1	2	3	2
715	519	6	2	1	0	715	2019	Preston	NorLin	3	3	3	2	2	1	1
346	520	6	2	0	0	346	2019	Preston	NxB-RIL-361-7	3	3	2	2	3	4	2
50	521	6	2	0	0	50	2019	Preston	BxN-RIL-348-6	2	3	2	1	2	4	2
503	522	6	2	0	0	503	2019	Preston	NxB-RIL-367-18	3	2	1	3	2	4	4
8	523	6	2	0	0	8	2019	Preston	BxN-RIL-346-9	3	2	3	4	3	6	6
705	524	6	3	0	0	705	2019	Preston	Bison1	4	2	2	2	3	2	4
299	525	6	3	0	0	299	2019	Preston	BxN-RIL-359-19	3	3	1	2	2	4	1
51	526	6	3	0	0	51	2019	Preston	BxN-RIL-348-7	2	2	2	1	1	2	1
458	527	6	3	0	0	458	2019	Preston	NxB-RIL-365-21	2	3	2	1	2	4	5
715	528	6	3	1	0	715	2019	Preston	NorLin	3	3	2	2	2	4	2
600	529	6	3	0	0	600	2019	Preston	NxB-RIL-371-22	1	2	1	1	2	4	4
704	530	6	3	0	0	704	2019	Preston	NxB-RIL-375-23	2	2	2	2	1	4	4
655	531	6	3	0	0	655	2019	Preston	NxB-RIL-373-30	3	3	2	2	4	4	4
526	532	6	3	0	0	526	2019	Preston	NxB-RIL-368-21	3	3	3	3	4	5	5
38	533	6	4	0	0	38	2019	Preston	BxN-RIL-347-17	2	2	2	1	2	2	2
592	534	6	4	0	0	592	2019	Preston	NxB-RIL-371-13	3	3	3	1	2	4	2
122	535	6	4	0	0	122	2019	Preston	BxN-RIL-351-22	2	2	2	3	2	5	4
602	536	6	4	0	0	602	2019	Preston	NxB-RIL-372-4	2	3	2	2	1	4	2
715	537	6	4	1	0	715	2019	Preston	NorLin	3	3	2	2	2	4	1
554	538	6	4	0	0	554	2019	Preston	NxB-RIL-369-23	2	2	1	1	1	3	1
230	539	6	4	0	0	230	2019	Preston	BxN-RIL-356-21	3	3	2	3	4	4	4
253	540	6	4	0	0	253	2019	Preston	BxN-RIL-357-26	2	2	2	2	3	5	6
133	541	6	4	0	0	133	2019	Preston	BxN-RIL-352-14	3	2	1	1	1	4	4
162	542	6	5	0	0	162	2019	Preston	BxN-RIL-353-17	2	3	2	2	4	3	4
451	543	6	5	0	0	451	2019	Preston	NxB-RIL-365-12	2	1	1	1	1	3	1
418	544	6	5	0	0	418	2019	Preston	NxB-RIL-364-2	3	2	3	2	1	4	2
473	545	6	5	0	0	473	2019	Preston	NxB-RIL-366-9	2	2	3	3	0	2	2
715	546	6	5	1	0	715	2019	Preston	NorLin	2	2	1	1	2	4	1
193	547	6	5	0	0	193	2019	Preston	BxN-RIL-355-3	3	3	2	3	6	7	6
228	548	6	5	0	0	228	2019	Preston	BxN-RIL-356-19	3	3	2	3	4	4	4
359	549	6	5	0	0	359	2019	Preston	NxB-RIL-361-20	3	2	2	3	5	5	5
395	550	6	5	0	0	395	2019	Preston	NxB-RIL-362-31	3	3	3	2	1	4	1
577	551	6	6	0	0	577	2019	Preston	NxB-RIL-370-23	3	4	3	2	1	5	4
676	552	6	6	0	0	676	2019	Preston	NxB-RIL-374-25	2	3	3	4	0	4	2
28	553	6	6	0	0	28	2019	Preston	BxN-RIL-347-6	2	2	2	1	0	1	2
428	554	6	6	0	0	428	2019	Preston	NxB-RIL-364-12	1	2	3	2	2	4	3
715	555	6	6	1	0	715	2019	Preston	NorLin	1	2	1	2	0	4	2
449	556	6	6	0	0	449	2019	Preston	NxB-RIL-365-10	2	2	1	1	0	4	4
479	557	6	6	0	0	479	2019	Preston	NxB-RIL-366-16	3	3	2	1	2	4	4
259	558	6	6	0	0	259	2019	Preston	BxN-RIL-358-3	2	2	4	3	3	4	5
590	559	6	6	0	0	590	2019	Preston	NxB-RIL-371-11	2	2	1	1	4	4	4
493	560	6	7	0	0	493	2019	Preston	NxB-RIL-367-7	2	2	2	1	1	4	4
453	561	6	7	0	0	453	2019	Preston	NxB-RIL-365-14	1	1	1	1	4	3	3
150	562	6	7	0	0	150	2019	Preston	BxN-RIL-353-5	2	1	1	1	0	2	2
201	563	6	7	0	0	201	2019	Preston	BxN-RIL-355-13	2	2	1	2	1	4	1
715	564	6	7	1	0	715	2019	Preston	NorLin	3	2	2	2	4	4	2
542	565	6	7	0	0	542	2019	Preston	NxB-RIL-369-9	2	3	3	3	4	5	3
717	566	6	7	0	2	717	2019	Preston	Novelty	5	5	3	3	5	4	2
716	567	6	7	0	1	716	2019	Preston	Flanders	4	4	3	3	0	1	3
192	568	6	7	0	0	192	2019	Preston	BxN-RIL-355-2	3	2	2	1	0	4	2
136	569	6	8	0	0	136	2019	Preston	BxN-RIL-352-17	4	4	3	3	5	4	3
151	570	6	8	0	0	151	2019	Preston	BxN-RIL-353-6	2	1	1	2	1	2	2
697	571	6	8	0	0	697	2019	Preston	NxB-RIL-375-15	2	2	2	2	2	3	3
53	572	6	8	0	0	53	2019	Preston	BxN-RIL-348-9	2	2	2	3	2	4	4
715	573	6	8	1	0	715	2019	Preston	NorLin	2	2	2	2	0	4	2
97	574	6	8	0	0	97	2019	Preston	BxN-RIL-350-12	1	2	3	1	0	4	4
367	575	6	8	0	0	367	2019	Preston	NxB-RIL-361-28	1	2	2	1	0	4	4
90	576	6	8	0	0	90	2019	Preston	BxN-RIL-350-3	1	2	2	1	1	4	3
303	577	6	8	0	0	303	2019	Preston	BxN-RIL-359-24	1	2	1	1	0	4	2
71	578	6	9	0	0	71	2019	Preston	BxN-RIL-349-5	2	3	2	1	4	4	3
281	579	6	9	0	0	281	2019	Preston	BxN-RIL-358-31	2	2	3	2	4	4	1
70	580	6	9	0	0	70	2019	Preston	BxN-RIL-349-4	2	2	2	2	4	4	4
517	581	6	9	0	0	517	2019	Preston	NxB-RIL-368-9	2	2	2	1	4	4	2
715	582	6	9	1	0	715	2019	Preston	NorLin	3	3	3	2	0	3	2
510	583	6	9	0	0	510	2019	Preston	NxB-RIL-367-25	2	3	4	2	0	2	1
312	584	6	9	0	0	312	2019	Preston	BxN-RIL-360-2	2	2	2	2	0	1	3
393	585	6	9	0	0	393	2019	Preston	NxB-RIL-362-28	1	1	1	1	1	4	4
684	586	6	9	0	0	684	2019	Preston	NxB-RIL-375-2	4	3	4	4	4	5	4
489	587	7	1	0	0	489	2019	Preston	NxB-RIL-367-2	3	3	1	1	6	1	2
286	588	7	1	0	0	286	2019	Preston	BxN-RIL-359-6	3	2	2	1	4	5	5
130	589	7	1	0	0	130	2019	Preston	BxN-RIL-352-11	3	3	1	1	5	5	8
87	590	7	1	0	0	87	2019	Preston	BxN-RIL-349-24	3	3	2	1	4	4	5
715	591	7	1	1	0	715	2019	Preston	NorLin	3	3	2	1	4	3	2
318	592	7	1	0	0	318	2019	Preston	BxN-RIL-360-8	3	3	1	1	0	2	1
447	593	7	1	0	0	447	2019	Preston	NxB-RIL-365-8	2	2	2	1	0	4	3
294	594	7	1	0	0	294	2019	Preston	BxN-RIL-359-14	2	2	3	2	0	4	2
76	595	7	1	0	0	76	2019	Preston	BxN-RIL-349-11	3	3	2	1	0	5	5
561	596	7	2	0	0	561	2019	Preston	NxB-RIL-370-3	2	3	4	5	5	6	9
305	597	7	2	0	0	305	2019	Preston	BxN-RIL-359-26	3	4	1	1	7	4	2
187	598	7	2	0	0	187	2019	Preston	BxN-RIL-354-24	1	2	1	1	0	5	5
345	599	7	2	0	0	345	2019	Preston	NxB-RIL-361-6	2	2	2	1	4	4	3
715	600	7	2	1	0	715	2019	Preston	NorLin	3	3	3	1	4	4	1
93	601	7	2	0	0	93	2019	Preston	BxN-RIL-350-7	3	3	1	1	0	4	2
646	602	7	2	0	0	646	2019	Preston	NxB-RIL-373-21	3	2	3	3	0	5	7
306	603	7	2	0	0	306	2019	Preston	BxN-RIL-359-27	3	3	1	1	4	1	4
487	604	7	2	0	0	487	2019	Preston	NxB-RIL-366-26	2	2	3	3	0	6	6
220	605	7	3	0	0	220	2019	Preston	BxN-RIL-356-10	3	4	3	3	6	5	7
430	606	7	3	0	0	430	2019	Preston	NxB-RIL-364-15	3	3	1	1	4	4	1
695	607	7	3	0	0	695	2019	Preston	NxB-RIL-375-13	2	2	2	2	4	4	7
373	608	7	3	0	0	373	2019	Preston	NxB-RIL-362-2	3	2	2	2	1	5	5
715	609	7	3	1	0	715	2019	Preston	NorLin	3	3	2	1	4	4	1
231	610	7	3	0	0	231	2019	Preston	BxN-RIL-356-22	3	3	2	3	0	5	7
622	611	7	3	0	0	622	2019	Preston	NxB-RIL-372-28	3	3	2	1	6	4	2
347	612	7	3	0	0	347	2019	Preston	NxB-RIL-361-8	3	3	1	1	4	4	1
437	613	7	3	0	0	437	2019	Preston	NxB-RIL-364-23	2	2	2	2	0	5	6
441	614	7	4	0	0	441	2019	Preston	NxB-RIL-365-1	3	4	1	1	5	4	6
629	615	7	4	0	0	629	2019	Preston	NxB-RIL-373-4	3	2	2	2	4	4	3
173	616	7	4	0	0	173	2019	Preston	BxN-RIL-354-7	2	2	3	2	0	2	3
506	617	7	4	0	0	506	2019	Preston	NxB-RIL-367-21	3	3	3	2	0	4	4
715	618	7	4	1	0	715	2019	Preston	NorLin	3	3	3	1	4	4	2
608	619	7	4	0	0	608	2019	Preston	NxB-RIL-372-11	3	3	1	2	1	2	2
481	620	7	4	0	0	481	2019	Preston	NxB-RIL-366-18	2	2	3	3	1	5	7
436	621	7	4	0	0	436	2019	Preston	NxB-RIL-364-21	4	4	1	1	5	5	4
642	622	7	4	0	0	642	2019	Preston	NxB-RIL-373-17	3	2	1	2	4	5	2
693	623	7	5	0	0	693	2019	Preston	NxB-RIL-375-11	3	3	3	2	4	6	6
165	624	7	5	0	0	165	2019	Preston	BxN-RIL-353-20	3	3	2	2	5	5	7
559	625	7	5	0	0	559	2019	Preston	NxB-RIL-370-1	3	3	2	1	5	4	2
117	626	7	5	0	0	117	2019	Preston	BxN-RIL-351-14	3	3	3	2	5	4	2
715	627	7	5	1	0	715	2019	Preston	NorLin	3	3	2	1	4	4	1
54	628	7	5	0	0	54	2019	Preston	BxN-RIL-348-10	3	3	1	1	4	4	5
563	629	7	5	0	0	563	2019	Preston	NxB-RIL-370-5	2	2	1	1	4	5	8
75	630	7	5	0	0	75	2019	Preston	BxN-RIL-349-10	3	2	1	1	4	4	1
43	631	7	5	0	0	43	2019	Preston	BxN-RIL-347-22	3	2	2	1	0	2	2
631	632	7	6	0	0	631	2019	Preston	NxB-RIL-373-6	3	3	1	1	0	4	2
316	633	7	6	0	0	316	2019	Preston	BxN-RIL-360-6	1	2	3	2	0	4	1
368	634	7	6	0	0	368	2019	Preston	NxB-RIL-361-30	1	2	2	1	0	4	3
474	635	7	6	0	0	474	2019	Preston	NxB-RIL-366-10	2	1	1	1	0	4	3
715	636	7	6	1	0	715	2019	Preston	NorLin	2	2	2	2	4	4	3
36	637	7	6	0	0	36	2019	Preston	BxN-RIL-347-15	3	3	1	1	4	4	4
616	638	7	6	0	0	616	2019	Preston	NxB-RIL-372-21	2	2	2	2	5	4	4
530	639	7	6	0	0	530	2019	Preston	NxB-RIL-368-25	3	3	2	2	4	5	5
448	640	7	6	0	0	448	2019	Preston	NxB-RIL-365-9	3	3	2	2	5	5	2
16	641	7	7	0	0	16	2019	Preston	BxN-RIL-346-20	3	2	3	3	5	5	3
431	642	7	7	0	0	431	2019	Preston	NxB-RIL-364-16	3	3	2	1	4	4	2
547	643	7	7	0	0	547	2019	Preston	NxB-RIL-369-14	2	2	1	2	2	5	4
235	644	7	7	0	0	235	2019	Preston	BxN-RIL-357-4	3	3	2	2	4	4	4
715	645	7	7	1	0	715	2019	Preston	NorLin	2	2	2	2	4	4	1
499	646	7	7	0	0	499	2019	Preston	NxB-RIL-367-14	3	3	2	3	4	6	7
494	647	7	7	0	0	494	2019	Preston	NxB-RIL-367-9	3	3	2	2	5	4	2
457	648	7	7	0	0	457	2019	Preston	NxB-RIL-365-20	2	2	3	2	0	3	2
400	649	7	7	0	0	400	2019	Preston	NxB-RIL-363-5	2	2	2	1	4	4	2
4	650	7	8	0	0	4	2019	Preston	BxN-RIL-346-5	2	1	2	1	4	4	1
710	651	7	8	0	0	710	2019	Preston	Novelty1	2	2	4	2	0	4	5
99	652	7	8	0	0	99	2019	Preston	BxN-RIL-350-14	5	5	3	2	6	7	4
632	653	7	8	0	0	632	2019	Preston	NxB-RIL-373-7	3	3	3	3	5	4	3
715	654	7	8	1	0	715	2019	Preston	NorLin	3	3	3	2	5	4	2
88	655	7	8	0	0	88	2019	Preston	BxN-RIL-350-1	3	3	2	2	5	4	4
528	656	7	8	0	0	528	2019	Preston	NxB-RIL-368-23	3	2	3	2	5	4	4
716	657	7	8	0	1	716	2019	Preston	Flanders	2	3	3	2	4	4	2
717	658	7	8	0	2	717	2019	Preston	Novelty	2	3	4	3	0	7	7
344	659	7	9	0	0	344	2019	Preston	NxB-RIL-361-4	4	4	1	1	6	4	6
378	660	7	9	0	0	378	2019	Preston	NxB-RIL-362-8	2	2	2	2	4	5	7
522	661	7	9	0	0	522	2019	Preston	NxB-RIL-368-17	3	2	1	1	5	4	2
268	662	7	9	0	0	268	2019	Preston	BxN-RIL-358-15	2	2	2	1	4	2	1
715	663	7	9	1	0	715	2019	Preston	NorLin	2	3	2	2	0	1	2
619	664	7	9	0	0	619	2019	Preston	NxB-RIL-372-24	3	3	1	1	0	4	1
444	665	7	9	0	0	444	2019	Preston	NxB-RIL-365-5	3	2	3	3	4	4	4
408	666	7	9	0	0	408	2019	Preston	NxB-RIL-363-15	4	3	2	1	5	2	2
628	667	7	9	0	0	628	2019	Preston	NxB-RIL-373-3	2	1	1	1	0	4	2
118	668	8	1	0	0	118	2019	Preston	BxN-RIL-351-16	2	1	2	3	4	5	5
116	669	8	1	0	0	116	2019	Preston	BxN-RIL-351-13	2	3	1	1	2	2	1
615	670	8	1	0	0	615	2019	Preston	NxB-RIL-372-20	1	2	1	1	1	3	1
669	671	8	1	0	0	669	2019	Preston	NxB-RIL-374-17	3	3	3	2	2	5	6
715	672	8	1	1	0	715	2019	Preston	NorLin	2	2	2	2	2	2	2
355	673	8	1	0	0	355	2019	Preston	NxB-RIL-361-16	3	3	2	2	1	4	3
505	674	8	1	0	0	505	2019	Preston	NxB-RIL-367-20	2	3	1	2	2	3	1
466	675	8	1	0	0	466	2019	Preston	NxB-RIL-366-1	2	2	2	3	2	4	4
144	676	8	1	0	0	144	2019	Preston	BxN-RIL-352-27	2	2	3	4	2	6	6
470	677	8	2	0	0	470	2019	Preston	NxB-RIL-366-6	3	2	1	2	3	3	2
12	678	8	2	0	0	12	2019	Preston	BxN-RIL-346-16	2	2	3	1	1	5	4
462	679	8	2	0	0	462	2019	Preston	NxB-RIL-365-25	2	2	1	1	2	3	1
490	680	8	2	0	0	490	2019	Preston	NxB-RIL-367-3	1	1	1	2	1	3	4
715	681	8	2	1	0	715	2019	Preston	NorLin	2	2	3	2	1	3	2
410	682	8	2	0	0	410	2019	Preston	NxB-RIL-363-18	4	3	4	3	1	5	1
124	683	8	2	0	0	124	2019	Preston	BxN-RIL-351-24	4	4	2	1	2	3	3
9	684	8	2	0	0	9	2019	Preston	BxN-RIL-346-11	3	3	1	1	3	3	2
307	685	8	2	0	0	307	2019	Preston	BxN-RIL-359-28	2	2	2	2	2	3	2
267	686	8	3	0	0	267	2019	Preston	BxN-RIL-358-14	1	2	3	3	1	3	2
357	687	8	3	0	0	357	2019	Preston	NxB-RIL-361-18	4	3	1	2	1	3	6
91	688	8	3	0	0	91	2019	Preston	BxN-RIL-350-5	3	3	4	4	2	7	8
282	689	8	3	0	0	282	2019	Preston	BxN-RIL-359-1	3	4	2	2	3	4	2
715	690	8	3	1	0	715	2019	Preston	NorLin	3	2	2	2	3	3	4
495	691	8	3	0	0	495	2019	Preston	NxB-RIL-367-10	1	3	2	3	3	4	8
332	692	8	3	0	0	332	2019	Preston	BxN-RIL-360-24	3	4	1	2	3	2	1
83	693	8	3	0	0	83	2019	Preston	BxN-RIL-349-20	3	3	1	2	3	3	4
588	694	8	3	0	0	588	2019	Preston	NxB-RIL-371-9	2	2	1	2	1	3	2
353	695	8	4	0	0	353	2019	Preston	NxB-RIL-361-14	4	3	3	3	1	5	4
42	696	8	4	0	0	42	2019	Preston	BxN-RIL-347-21	3	3	2	2	1	3	2
103	697	8	4	0	0	103	2019	Preston	BxN-RIL-350-19	2	3	2	3	1	3	2
369	698	8	4	0	0	369	2019	Preston	NxB-RIL-361-31	3	3	1	1	1	3	1
715	699	8	4	1	0	715	2019	Preston	NorLin	2	2	2	2	2	2	2
413	700	8	4	0	0	413	2019	Preston	NxB-RIL-363-21	4	3	3	4	1	6	7
426	701	8	4	0	0	426	2019	Preston	NxB-RIL-364-10	3	4	3	2	4	4	1
343	702	8	4	0	0	343	2019	Preston	NxB-RIL-361-3	1	3	4	3	1	5	4
80	703	8	4	0	0	80	2019	Preston	BxN-RIL-349-17	3	4	1	2	3	3	2
274	704	8	5	0	0	274	2019	Preston	BxN-RIL-358-24	3	2	1	1	1	2	2
273	705	8	5	0	0	273	2019	Preston	BxN-RIL-358-23	3	2	2	3	0	4	5
460	706	8	5	0	0	460	2019	Preston	NxB-RIL-365-23	3	3	2	2	2	4	4
382	707	8	5	0	0	382	2019	Preston	NxB-RIL-362-13	4	3	2	2	3	4	2
715	708	8	5	1	0	715	2019	Preston	NorLin	3	3	1	2	1	3	3
621	709	8	5	0	0	621	2019	Preston	NxB-RIL-372-27	3	3	2	3	0	4	5
278	710	8	5	0	0	278	2019	Preston	BxN-RIL-358-28	3	3	1	1	3	2	3
639	711	8	5	0	0	639	2019	Preston	NxB-RIL-373-14	2	2	1	1	1	3	2
280	712	8	5	0	0	280	2019	Preston	BxN-RIL-358-30	2	2	2	2	1	3	2
635	713	8	6	0	0	635	2019	Preston	NxB-RIL-373-10	2	3	1	3	2	3	6
272	714	8	6	0	0	272	2019	Preston	BxN-RIL-358-22	1	2	1	3	1	3	4
32	715	8	6	0	0	32	2019	Preston	BxN-RIL-347-10	1	2	2	3	2	3	4
34	716	8	6	0	0	34	2019	Preston	BxN-RIL-347-12	2	3	2	1	1	3	2
715	717	8	6	1	0	715	2019	Preston	NorLin	2	2	1	2	2	2	1
106	718	8	6	0	0	106	2019	Preston	BxN-RIL-350-22	3	2	2	3	1	4	5
601	719	8	6	0	0	601	2019	Preston	NxB-RIL-372-1	3	2	2	2	3	4	2
138	720	8	6	0	0	138	2019	Preston	BxN-RIL-352-19	3	3	3	4	4	5	4
617	721	8	6	0	0	617	2019	Preston	NxB-RIL-372-22	4	4	2	1	2	4	2
663	722	8	7	0	0	663	2019	Preston	NxB-RIL-374-10	3	3	2	3	3	2	1
188	723	8	7	0	0	188	2019	Preston	BxN-RIL-354-26	3	3	2	2	1	4	4
440	724	8	7	0	0	440	2019	Preston	NxB-RIL-364-26	3	3	1	2	3	3	2
82	725	8	7	0	0	82	2019	Preston	BxN-RIL-349-19	2	3	2	2	4	3	5
715	726	8	7	1	0	715	2019	Preston	NorLin	3	3	2	2	3	4	2
583	727	8	7	0	0	583	2019	Preston	NxB-RIL-371-2	3	3	2	2	2	4	4
196	728	8	7	0	0	196	2019	Preston	BxN-RIL-355-6	2	3	1	2	1	3	1
498	729	8	7	0	0	498	2019	Preston	NxB-RIL-367-13	3	3	2	2	1	4	3
569	730	8	7	0	0	569	2019	Preston	NxB-RIL-370-12	3	3	3	2	2	5	3
515	731	8	8	0	0	515	2019	Preston	NxB-RIL-368-6	2	3	2	2	2	4	5
681	732	8	8	0	0	681	2019	Preston	NxB-RIL-374-30	3	3	3	3	3	6	3
711	733	8	8	0	0	711	2019	Preston	Novelty2	4	3	3	5	3	5	6
698	734	8	8	0	0	698	2019	Preston	NxB-RIL-375-17	4	5	2	3	3	4	2
715	735	8	8	1	0	715	2019	Preston	NorLin	3	2	2	2	1	4	2
645	736	8	8	0	0	645	2019	Preston	NxB-RIL-373-20	3	3	3	3	2	5	2
477	737	8	8	0	0	477	2019	Preston	NxB-RIL-366-13	2	3	2	2	3	4	2
366	738	8	8	0	0	366	2019	Preston	NxB-RIL-361-27	3	3	3	3	3	5	3
501	739	8	8	0	0	501	2019	Preston	NxB-RIL-367-16	3	3	2	2	4	3	1
404	740	8	9	0	0	404	2019	Preston	NxB-RIL-363-11	3	2	1	1	2	3	2
567	741	8	9	0	0	567	2019	Preston	NxB-RIL-370-10	2	2	2	1	2	4	1
275	742	8	9	0	0	275	2019	Preston	BxN-RIL-358-25	2	2	2	1	3	4	1
105	743	8	9	0	0	105	2019	Preston	BxN-RIL-350-21	3	2	2	2	2	4	4
715	744	8	9	1	0	715	2019	Preston	NorLin	4	3	3	3	2	4	2
161	745	8	9	0	0	161	2019	Preston	BxN-RIL-353-16	2	4	2	3	1	4	3
668	746	8	9	0	0	668	2019	Preston	NxB-RIL-374-16	3	3	2	2	3	3	1
594	747	8	9	0	0	594	2019	Preston	NxB-RIL-371-15	3	2	3	2	1	4	3
502	748	8	9	0	0	502	2019	Preston	NxB-RIL-367-17	3	2	3	3	1	5	4
589	749	9	1	0	0	589	2019	Preston	NxB-RIL-371-10	3	3	2	3	2	4	5
556	750	9	1	0	0	556	2019	Preston	NxB-RIL-369-26	3	3	4	3	2	6	3
251	751	9	1	0	0	251	2019	Preston	BxN-RIL-357-24	4	5	2	2	4	3	2
607	752	9	1	0	0	607	2019	Preston	NxB-RIL-372-10	3	3	2	3	1	4	6
715	753	9	1	1	0	715	2019	Preston	NorLin	2	2	3	2	1	3	2
10	754	9	1	0	0	10	2019	Preston	BxN-RIL-346-13	3	2	3	3	1	4	5
197	755	9	1	0	0	197	2019	Preston	BxN-RIL-355-7	2	2	2	2	2	3	2
703	756	9	1	0	0	703	2019	Preston	NxB-RIL-375-22	2	3	1	2	2	2	3
125	757	9	1	0	0	125	2019	Preston	BxN-RIL-352-1	1	2	3	4	1	4	5
541	758	9	2	0	0	541	2019	Preston	NxB-RIL-369-8	3	2	2	3	3	3	3
212	759	9	2	0	0	212	2019	Preston	BxN-RIL-356-1	2	3	3	2	1	4	2
167	760	9	2	0	0	167	2019	Preston	BxN-RIL-353-23	2	3	3	3	1	4	3
266	761	9	2	0	0	266	2019	Preston	BxN-RIL-358-13	2	2	3	4	1	5	6
715	762	9	2	1	0	715	2019	Preston	NorLin	3	3	3	3	2	4	3
261	763	9	2	0	0	261	2019	Preston	BxN-RIL-358-6	4	4	3	2	1	4	4
84	764	9	2	0	0	84	2019	Preston	BxN-RIL-349-21	4	4	2	3	2	3	3
100	765	9	2	0	0	100	2019	Preston	BxN-RIL-350-15	3	4	2	2	2	3	2
557	766	9	2	0	0	557	2019	Preston	NxB-RIL-369-27	2	3	2	2	2	4	3
674	767	9	3	0	0	674	2019	Preston	NxB-RIL-374-23	2	2	2	2	1	3	2
252	768	9	3	0	0	252	2019	Preston	BxN-RIL-357-25	2	2	3	3	1	4	3
115	769	9	3	0	0	115	2019	Preston	BxN-RIL-351-12	3	3	4	3	1	5	4
174	770	9	3	0	0	174	2019	Preston	BxN-RIL-354-8	4	4	3	3	2	4	5
715	771	9	3	1	0	715	2019	Preston	NorLin	3	2	2	2	1	3	3
716	772	9	3	0	1	716	2019	Preston	Flanders	3	3	2	3	1	3	3
482	773	9	3	0	0	482	2019	Preston	NxB-RIL-366-21	3	3	4	4	2	6	6
717	774	9	3	0	2	717	2019	Preston	Novelty	3	4	4	3	3	5	5
48	775	9	3	0	0	48	2019	Preston	BxN-RIL-348-4	5	5	2	2	4	3	3
409	776	9	4	0	0	409	2019	Preston	NxB-RIL-363-16	3	3	2	3	2	4	4
325	777	9	4	0	0	325	2019	Preston	BxN-RIL-360-17	3	3	2	3	2	3	3
15	778	9	4	0	0	15	2019	Preston	BxN-RIL-346-19	2	3	2	2	1	4	3
296	779	9	4	0	0	296	2019	Preston	BxN-RIL-359-16	2	3	1	2	1	2	2
715	780	9	4	1	0	715	2019	Preston	NorLin	3	3	2	2	2	3	3
293	781	9	4	0	0	293	2019	Preston	BxN-RIL-359-13	3	3	3	5	2	5	7
169	782	9	4	0	0	169	2019	Preston	BxN-RIL-353-26	4	4	2	3	3	3	5
394	783	9	4	0	0	394	2019	Preston	NxB-RIL-362-30	3	4	3	4	2	4	6
624	784	9	4	0	0	624	2019	Preston	NxB-RIL-372-30	2	4	3	2	3	4	3
385	785	9	5	0	0	385	2019	Preston	NxB-RIL-362-16	3	3	3	3	2	4	3
141	786	9	5	0	0	141	2019	Preston	BxN-RIL-352-23	3	3	2	3	1	4	5
464	787	9	5	0	0	464	2019	Preston	NxB-RIL-365-27	3	2	2	3	2	4	5
634	788	9	5	0	0	634	2019	Preston	NxB-RIL-373-9	3	3	3	2	2	5	3
715	789	9	5	1	0	715	2019	Preston	NorLin	3	3	2	2	1	3	2
66	790	9	5	0	0	66	2019	Preston	BxN-RIL-348-24	3	2	1	2	1	2	3
471	791	9	5	0	0	471	2019	Preston	NxB-RIL-366-7	3	2	1	2	2	3	3
536	792	9	5	0	0	536	2019	Preston	NxB-RIL-369-3	1	2	2	3	1	3	4
420	793	9	5	0	0	420	2019	Preston	NxB-RIL-364-4	2	2	2	3	1	3	3
492	794	9	6	0	0	492	2019	Preston	NxB-RIL-367-6	2	2	2	3	1	4	4
504	795	9	6	0	0	504	2019	Preston	NxB-RIL-367-19	2	1	3	4	1	4	4
257	796	9	6	0	0	257	2019	Preston	BxN-RIL-357-32	2	3	1	2	1	2	2
335	797	9	6	0	0	335	2019	Preston	BxN-RIL-360-27	2	1	3	4	1	4	5
715	798	9	6	1	0	715	2019	Preston	NorLin	2	3	2	2	1	3	3
488	799	9	6	0	0	488	2019	Preston	NxB-RIL-367-1	2	2	1	2	1	3	3
491	800	9	6	0	0	491	2019	Preston	NxB-RIL-367-5	2	2	1	3	1	3	3
691	801	9	6	0	0	691	2019	Preston	NxB-RIL-375-9	1	2	1	2	1	3	3
146	802	9	6	0	0	146	2019	Preston	BxN-RIL-353-1	2	1	3	3	0	4	4
140	803	9	7	0	0	140	2019	Preston	BxN-RIL-352-22	2	3	2	2	1	3	3
584	804	9	7	0	0	584	2019	Preston	NxB-RIL-371-3	2	2	3	3	1	5	3
61	805	9	7	0	0	61	2019	Preston	BxN-RIL-348-18	3	3	2	2	2	3	3
630	806	9	7	0	0	630	2019	Preston	NxB-RIL-373-5	2	3	2	2	1	3	3
715	807	9	7	1	0	715	2019	Preston	NorLin	2	2	3	3	1	3	3
566	808	9	7	0	0	566	2019	Preston	NxB-RIL-370-9	2	2	3	3	0	4	3
222	809	9	7	0	0	222	2019	Preston	BxN-RIL-356-13	1	2	3	2	1	4	3
239	810	9	7	0	0	239	2019	Preston	BxN-RIL-357-9	2	1	2	3	0	4	5
371	811	9	7	0	0	371	2019	Preston	NxB-RIL-361-33	2	2	2	3	2	3	4
126	812	9	8	0	0	126	2019	Preston	BxN-RIL-352-2	1	3	2	3	1	4	3
226	813	9	8	0	0	226	2019	Preston	BxN-RIL-356-17	2	3	2	2	2	3	3
14	814	9	8	0	0	14	2019	Preston	BxN-RIL-346-18	2	2	1	2	1	2	2
509	815	9	8	0	0	509	2019	Preston	NxB-RIL-367-24	1	1	3	3	0	4	3
715	816	9	8	1	0	715	2019	Preston	NorLin	3	3	2	3	1	4	3
586	817	9	8	0	0	586	2019	Preston	NxB-RIL-371-7	2	3	2	3	2	4	4
610	818	9	8	0	0	610	2019	Preston	NxB-RIL-372-13	2	3	2	3	3	3	3
627	819	9	8	0	0	627	2019	Preston	NxB-RIL-373-2	2	2	3	3	1	4	3
546	820	9	8	0	0	546	2019	Preston	NxB-RIL-369-13	2	3	2	2	2	4	3
17	821	9	9	0	0	17	2019	Preston	BxN-RIL-346-21	3	3	1	2	1	3	2
194	822	9	9	0	0	194	2019	Preston	BxN-RIL-355-4	2	3	2	3	2	4	5
337	823	9	9	0	0	337	2019	Preston	BxN-RIL-360-29	3	4	2	4	3	4	6
227	824	9	9	0	0	227	2019	Preston	BxN-RIL-356-18	2	3	2	4	2	4	7
715	825	9	9	1	0	715	2019	Preston	NorLin	3	4	2	3	2	3	3
5	826	9	9	0	0	5	2019	Preston	BxN-RIL-346-6	2	3	1	3	2	3	3
405	827	9	9	0	0	405	2019	Preston	NxB-RIL-363-12	1	2	3	3	1	3	3
317	828	9	9	0	0	317	2019	Preston	BxN-RIL-360-7	1	2	3	3	1	4	3
485	829	9	9	0	0	485	2019	Preston	NxB-RIL-366-24	2	3	3	3	1	4	4
159	830	10	1	0	0	159	2019	Preston	BxN-RIL-353-14	2	4	1	2	3	2	2
706	831	10	1	0	0	706	2019	Preston	Bison2	5	4	2	3	4	2	2
548	832	10	1	0	0	548	2019	Preston	NxB-RIL-369-15	3	2	3	4	1	5	5
102	833	10	1	0	0	102	2019	Preston	BxN-RIL-350-18	4	3	3	4	0	5	6
715	834	10	1	1	0	715	2019	Preston	NorLin	3	2	4	3	6	4	2
172	835	10	1	0	0	172	2019	Preston	BxN-RIL-354-5	3	3	4	4	2	5	3
58	836	10	1	0	0	58	2019	Preston	BxN-RIL-348-15	3	4	4	4	0	6	4
696	837	10	1	0	0	696	2019	Preston	NxB-RIL-375-14	5	5	4	5	4	6	6
523	838	10	1	0	0	523	2019	Preston	NxB-RIL-368-18	5	3	3	4	4	5	6
129	839	10	2	0	0	129	2019	Preston	BxN-RIL-352-9	5	3	3	4	4	5	6
341	840	10	2	0	0	341	2019	Preston	NxB-RIL-361-1	4	3	4	3	7	6	6
578	841	10	2	0	0	578	2019	Preston	NxB-RIL-370-24	2	2	3	3	1	5	5
446	842	10	2	0	0	446	2019	Preston	NxB-RIL-365-7	3	3	2	4	4	4	6
715	843	10	2	1	0	715	2019	Preston	NorLin	2	3	2	3	5	3	2
208	844	10	2	0	0	208	2019	Preston	BxN-RIL-355-22	4	3	3	4	5	5	5
365	845	10	2	0	0	365	2019	Preston	NxB-RIL-361-26	4	4	2	2	4	2	2
60	846	10	2	0	0	60	2019	Preston	BxN-RIL-348-17	4	3	3	2	2	3	2
667	847	10	2	0	0	667	2019	Preston	NxB-RIL-374-15	3	3	1	2	4	2	2
433	848	10	3	0	0	433	2019	Preston	NxB-RIL-364-18	3	3	3	4	4	6	5
516	849	10	3	0	0	516	2019	Preston	NxB-RIL-368-8	2	2	2	3	0	3	2
263	850	10	3	0	0	263	2019	Preston	BxN-RIL-358-10	4	4	4	4	4	5	6
288	851	10	3	0	0	288	2019	Preston	BxN-RIL-359-8	4	3	3	3	0	4	2
715	852	10	3	1	0	715	2019	Preston	NorLin	4	5	2	3	4	3	2
142	853	10	3	0	0	142	2019	Preston	BxN-RIL-352-24	2	3	2	3	0	3	3
361	854	10	3	0	0	361	2019	Preston	NxB-RIL-361-22	3	3	2	3	0	2	3
670	855	10	3	0	0	670	2019	Preston	NxB-RIL-374-18	2	2	3	3	4	4	2
198	856	10	3	0	0	198	2019	Preston	BxN-RIL-355-8	2	2	3	3	1	3	2
205	857	10	4	0	0	205	2019	Preston	BxN-RIL-355-17	4	3	2	3	4	3	3
255	858	10	4	0	0	255	2019	Preston	BxN-RIL-357-30	4	3	2	3	4	3	3
560	859	10	4	0	0	560	2019	Preston	NxB-RIL-370-2	4	2	3	3	4	5	2
204	860	10	4	0	0	204	2019	Preston	BxN-RIL-355-16	2	2	4	5	0	6	9
715	861	10	4	1	0	715	2019	Preston	NorLin	4	3	3	2	4	5	2
707	862	10	4	0	0	707	2019	Preston	Bison3	5	4	2	2	7	3	2
403	863	10	4	0	0	403	2019	Preston	NxB-RIL-363-8	5	3	2	3	4	4	3
606	864	10	4	0	0	606	2019	Preston	NxB-RIL-372-9	5	3	3	3	4	3	2
25	865	10	4	0	0	25	2019	Preston	BxN-RIL-347-3	3	3	2	3	2	3	3
372	866	10	5	0	0	372	2019	Preston	NxB-RIL-361-34	2	3	3	4	0	5	4
497	867	10	5	0	0	497	2019	Preston	NxB-RIL-367-12	2	3	2	3	4	4	3
183	868	10	5	0	0	183	2019	Preston	BxN-RIL-354-18	5	3	3	3	4	5	2
443	869	10	5	0	0	443	2019	Preston	NxB-RIL-365-3	4	3	3	3	2	5	2
715	870	10	5	1	0	715	2019	Preston	NorLin	4	3	2	3	4	3	2
11	871	10	5	0	0	11	2019	Preston	BxN-RIL-346-14	3	4	2	2	4	3	2
283	872	10	5	0	0	283	2019	Preston	BxN-RIL-359-2	4	4	1	3	1	3	5
112	873	10	5	0	0	112	2019	Preston	BxN-RIL-351-8	2	3	2	2	0	3	2
414	874	10	5	0	0	414	2019	Preston	NxB-RIL-363-24	1	2	2	3	1	2	2
67	875	10	6	0	0	67	2019	Preston	BxN-RIL-348-26	2	2	2	3	0	3	3
360	876	10	6	0	0	360	2019	Preston	NxB-RIL-361-21	1	3	2	4	0	4	7
92	877	10	6	0	0	92	2019	Preston	BxN-RIL-350-6	2	3	3	4	1	5	7
182	878	10	6	0	0	182	2019	Preston	BxN-RIL-354-17	1	2	2	3	2	4	3
715	879	10	6	1	0	715	2019	Preston	NorLin	2	2	2	3	4	3	2
611	880	10	6	0	0	611	2019	Preston	NxB-RIL-372-14	2	2	2	3	0	3	2
72	881	10	6	0	0	72	2019	Preston	BxN-RIL-349-6	3	3	3	3	0	5	4
323	882	10	6	0	0	323	2019	Preston	BxN-RIL-360-15	4	2	2	3	4	4	2
46	883	10	6	0	0	46	2019	Preston	BxN-RIL-348-2	4	3	2	3	2	3	2
598	884	10	7	0	0	598	2019	Preston	NxB-RIL-371-20	2	3	3	3	0	4	3
383	885	10	7	0	0	383	2019	Preston	NxB-RIL-362-14	3	3	4	3	2	4	3
585	886	10	7	0	0	585	2019	Preston	NxB-RIL-371-6	5	4	4	3	2	4	3
265	887	10	7	0	0	265	2019	Preston	BxN-RIL-358-12	5	4	2	3	2	3	2
715	888	10	7	1	0	715	2019	Preston	NorLin	5	4	2	3	1	3	3
518	889	10	7	0	0	518	2019	Preston	NxB-RIL-368-12	2	3	2	3	1	3	2
277	890	10	7	0	0	277	2019	Preston	BxN-RIL-358-27	3	3	2	2	1	2	2
153	891	10	7	0	0	153	2019	Preston	BxN-RIL-353-8	3	2	2	3	2	2	4
290	892	10	7	0	0	290	2019	Preston	BxN-RIL-359-10	2	2	3	3	1	5	4
613	893	10	8	0	0	613	2019	Preston	NxB-RIL-372-16	2	2	3	3	1	5	3
127	894	10	8	0	0	127	2019	Preston	BxN-RIL-352-5	3	3	2	3	2	4	3
543	895	10	8	0	0	543	2019	Preston	NxB-RIL-369-10	2	3	3	3	2	3	3
181	896	10	8	0	0	181	2019	Preston	BxN-RIL-354-16	2	3	3	3	3	3	3
715	897	10	8	1	0	715	2019	Preston	NorLin	2	3	3	3	1	3	3
295	898	10	8	0	0	295	2019	Preston	BxN-RIL-359-15	3	3	3	4	1	5	3
596	899	10	8	0	0	596	2019	Preston	NxB-RIL-371-18	4	3	3	4	1	6	5
44	900	10	8	0	0	44	2019	Preston	BxN-RIL-347-23	3	4	2	3	4	4	3
445	901	10	8	0	0	445	2019	Preston	NxB-RIL-365-6	3	3	3	3	3	5	4
513	902	10	9	0	0	513	2019	Preston	NxB-RIL-368-4	2	3	2	3	3	4	3
225	903	10	9	0	0	225	2019	Preston	BxN-RIL-356-16	2	3	3	4	3	5	4
514	904	10	9	0	0	514	2019	Preston	NxB-RIL-368-5	3	3	4	4	4	5	3
209	905	10	9	0	0	209	2019	Preston	BxN-RIL-355-23	3	3	3	4	3	5	4
715	906	10	9	1	0	715	2019	Preston	NorLin	3	4	3	3	2	3	3
211	907	10	9	0	0	211	2019	Preston	BxN-RIL-355-27	3	3	2	2	2	4	2
210	908	10	9	0	0	210	2019	Preston	BxN-RIL-355-26	3	3	1	2	1	3	3
329	909	10	9	0	0	329	2019	Preston	BxN-RIL-360-21	2	2	2	2	2	4	2
29	910	10	9	0	0	29	2019	Preston	BxN-RIL-347-7	2	2	1	2	2	3	2
